[
{
  "model": "auth.user",
  "pk": 1,
  "fields": {
    "password": "pbkdf2_sha256$100000$z365UHBlPMMe$64NJdK+Ek2r8cy2HRvcHMCMxmVsoVnpHRAFHuMY394k=",
    "last_login": "2018-04-06T18:41:38.548Z",
    "is_superuser": false,
    "username": "Anthony",
    "first_name": "",
    "last_name": "",
    "email": "antho@kek.com",
    "is_staff": false,
    "is_active": true,
    "date_joined": "2018-04-06T17:32:38.920Z",
    "groups": [],
    "user_permissions": []
  }
},
{
  "model": "auth.user",
  "pk": 2,
  "fields": {
    "password": "pbkdf2_sha256$100000$2G6RaAEka62P$l3vmOMlw72UzFIYuFNBqSjMVrcqozDc4QVJ3EWWbjog=",
    "last_login": "2018-04-06T18:44:47.385Z",
    "is_superuser": false,
    "username": "Cedric",
    "first_name": "",
    "last_name": "",
    "email": "cedric@lol.com",
    "is_staff": false,
    "is_active": true,
    "date_joined": "2018-04-06T18:26:45.929Z",
    "groups": [],
    "user_permissions": []
  }
},
{
  "model": "auth.user",
  "pk": 3,
  "fields": {
    "password": "pbkdf2_sha256$100000$B2ylqwWPvp1n$eIJ8H5InUnAb104UOGDiV5woF/shlcEg47zks37c8lo=",
    "last_login": "2018-04-06T18:34:37.876Z",
    "is_superuser": false,
    "username": "Michel",
    "first_name": "",
    "last_name": "",
    "email": "michel@gmail.com",
    "is_staff": false,
    "is_active": true,
    "date_joined": "2018-04-06T18:34:01.345Z",
    "groups": [],
    "user_permissions": []
  }
},
{
  "model": "sessions.session",
  "pk": "1xeeqfgaiivvivhbkf5qe9dkgbw4robh",
  "fields": {
    "session_data": "MTQ4YWIwNDkwNjJlOTEzYTVhNjU1MjNhODJlZGEzY2FkODYyYjMwMjp7Il9hdXRoX3VzZXJfaWQiOiIyIiwiX2F1dGhfdXNlcl9iYWNrZW5kIjoiZGphbmdvLmNvbnRyaWIuYXV0aC5iYWNrZW5kcy5Nb2RlbEJhY2tlbmQiLCJfYXV0aF91c2VyX2hhc2giOiIxMzM5NmYxZjdkYjk5M2I3NzBkYjkxMDhkYTZlYjA2ZWRlYWM1ZmJiIn0=",
    "expire_date": "2018-04-20T18:44:47.592Z"
  }
},
{
  "model": "sessions.session",
  "pk": "x6zd694px3bfwkede6s9s7qwmd02uhgl",
  "fields": {
    "session_data": "MjZiODczNWQ2ZDhmY2Q4NjI1MGI2YzA0NzdhMzQyZGNmZTlkNjkzMDp7Il9hdXRoX3VzZXJfaWQiOiIxIiwiX2F1dGhfdXNlcl9iYWNrZW5kIjoiZGphbmdvLmNvbnRyaWIuYXV0aC5iYWNrZW5kcy5Nb2RlbEJhY2tlbmQiLCJfYXV0aF91c2VyX2hhc2giOiJjODA5NTYyNDU1NzdhOWRkNGYzMmQxMmQzY2YyZGUyNDk5OGZkMzRiIn0=",
    "expire_date": "2018-04-20T17:32:54.013Z"
  }
},
{
  "model": "main.comment",
  "pk": 1,
  "fields": {
    "body": "I like this house a lot ! <3",
    "last_modif_date": "2018-04-06T18:40:04.750Z",
    "house": 9,
    "user": 3
  }
},
{
  "model": "main.comment",
  "pk": 2,
  "fields": {
    "body": "The pool was amazing !",
    "last_modif_date": "2018-04-06T18:41:27.926Z",
    "house": 3,
    "user": 3
  }
},
{
  "model": "main.comment",
  "pk": 3,
  "fields": {
    "body": "The garden is very nice :)",
    "last_modif_date": "2018-04-06T18:43:32.844Z",
    "house": 7,
    "user": 1
  }
},
{
  "model": "main.comment",
  "pk": 4,
  "fields": {
    "body": "The weather was nice",
    "last_modif_date": "2018-04-06T18:44:27.184Z",
    "house": 3,
    "user": 1
  }
},
{
  "model": "main.comment",
  "pk": 5,
  "fields": {
    "body": "I didn't like the lightning...",
    "last_modif_date": "2018-04-06T18:46:43.302Z",
    "house": 7,
    "user": 2
  }
},
{
  "model": "main.comment",
  "pk": 6,
  "fields": {
    "body": "Best house ever !",
    "last_modif_date": "2018-04-06T18:47:05.005Z",
    "house": 3,
    "user": 2
  }
},
{
  "model": "main.profile",
  "pk": 1,
  "fields": {
    "user": 1,
    "email_confirmed": true
  }
},
{
  "model": "main.profile",
  "pk": 2,
  "fields": {
    "user": 2,
    "email_confirmed": true
  }
},
{
  "model": "main.profile",
  "pk": 3,
  "fields": {
    "user": 3,
    "email_confirmed": true
  }
},
{
  "model": "main.evaluation",
  "pk": 2,
  "fields": {
    "user": 1,
    "house": 2,
    "stars": 4
  }
},
{
  "model": "main.evaluation",
  "pk": 3,
  "fields": {
    "user": 1,
    "house": 3,
    "stars": 3
  }
},
{
  "model": "main.evaluation",
  "pk": 4,
  "fields": {
    "user": 1,
    "house": 4,
    "stars": 5
  }
},
{
  "model": "main.evaluation",
  "pk": 5,
  "fields": {
    "user": 2,
    "house": 5,
    "stars": 5
  }
},
{
  "model": "main.evaluation",
  "pk": 6,
  "fields": {
    "user": 2,
    "house": 6,
    "stars": 4
  }
},
{
  "model": "main.evaluation",
  "pk": 7,
  "fields": {
    "user": 2,
    "house": 7,
    "stars": 3
  }
},
{
  "model": "main.evaluation",
  "pk": 8,
  "fields": {
    "user": 3,
    "house": 8,
    "stars": 5
  }
},
{
  "model": "main.evaluation",
  "pk": 9,
  "fields": {
    "user": 3,
    "house": 9,
    "stars": 2
  }
},
{
  "model": "main.evaluation",
  "pk": 10,
  "fields": {
    "user": 3,
    "house": 10,
    "stars": 1
  }
},
{
  "model": "main.evaluation",
  "pk": 11,
  "fields": {
    "user": 3,
    "house": 3,
    "stars": 5
  }
},
{
  "model": "main.evaluation",
  "pk": 12,
  "fields": {
    "user": 3,
    "house": 7,
    "stars": 5
  }
},
{
  "model": "main.evaluation",
  "pk": 13,
  "fields": {
    "user": 3,
    "house": 5,
    "stars": 4
  }
},
{
  "model": "main.evaluation",
  "pk": 14,
  "fields": {
    "user": 3,
    "house": 4,
    "stars": 2
  }
},
{
  "model": "main.evaluation",
  "pk": 15,
  "fields": {
    "user": 1,
    "house": 10,
    "stars": 2
  }
},
{
  "model": "main.evaluation",
  "pk": 16,
  "fields": {
    "user": 1,
    "house": 9,
    "stars": 4
  }
},
{
  "model": "main.evaluation",
  "pk": 17,
  "fields": {
    "user": 1,
    "house": 8,
    "stars": 3
  }
},
{
  "model": "main.evaluation",
  "pk": 18,
  "fields": {
    "user": 1,
    "house": 7,
    "stars": 4
  }
},
{
  "model": "main.evaluation",
  "pk": 19,
  "fields": {
    "user": 1,
    "house": 6,
    "stars": 2
  }
},
{
  "model": "main.evaluation",
  "pk": 20,
  "fields": {
    "user": 1,
    "house": 5,
    "stars": 2
  }
},
{
  "model": "main.evaluation",
  "pk": 21,
  "fields": {
    "user": 2,
    "house": 2,
    "stars": 1
  }
},
{
  "model": "main.evaluation",
  "pk": 22,
  "fields": {
    "user": 2,
    "house": 8,
    "stars": 3
  }
},
{
  "model": "main.evaluation",
  "pk": 23,
  "fields": {
    "user": 2,
    "house": 3,
    "stars": 1
  }
},
{
  "model": "main.house",
  "pk": 2,
  "fields": {
    "name": "Hanz House",
    "slug_name": "hanz-house",
    "country": "CH",
    "city": "Basel",
    "street_name": "PferdStrasse",
    "street_number": 93,
    "description": "Nunc condimentum efficitur risus vitae porta. Donec pulvinar nibh nisi, quis efficitur orci vehicula eget. Morbi rutrum lacus nec ultrices scelerisque. Donec sed vulputate erat. Phasellus augue sem, hendrerit ac metus eu, tincidunt dignissim magna. In aliquet risus non dignissim finibus. Fusce ligula arcu, posuere eu congue in, scelerisque sed magna. Phasellus cursus feugiat suscipit. Etiam ac arcu metus. Cras lacinia suscipit justo, in scelerisque diam finibus ut. Donec condimentum cursus conse",
    "room_quantity": 4,
    "person_quantity": 8,
    "price": "349.00",
    "image": "house_images/01_hEGbGio.jpg",
    "user": 1,
    "pub_date": "2018-04-06T18:22:24.976Z",
    "update": "2018-04-06T18:22:25.059Z"
  }
},
{
  "model": "main.house",
  "pk": 3,
  "fields": {
    "name": "Bellevue",
    "slug_name": "bellevue",
    "country": "FR",
    "city": "Bordeaux",
    "street_name": "LaVigne",
    "street_number": 18,
    "description": "Nullam faucibus arcu sit amet est faucibus consequat. Quisque placerat, libero eget luctus tristique, arcu dui blandit lectus, non feugiat lacus nulla a lorem. Fusce interdum, enim sed faucibus mattis, velit justo laoreet tortor, nec viverra lectus felis a orci. Nunc mattis erat orci, quis condimentum lorem feugiat vel. In ut mauris sed ipsum eleifend posuere. Sed tristique eros a eros faucibus, sed imperdiet odio pulvinar. Etiam eu nulla risus. Pellentesque at lacus ac elit mollis hendrerit ele",
    "room_quantity": 2,
    "person_quantity": 3,
    "price": "120.00",
    "image": "house_images/4_2GQWxc2.jpg",
    "user": 1,
    "pub_date": "2018-04-06T18:23:40.572Z",
    "update": "2018-04-06T18:23:40.651Z"
  }
},
{
  "model": "main.house",
  "pk": 4,
  "fields": {
    "name": "Estetico",
    "slug_name": "estetico",
    "country": "BE",
    "city": "Li\u00e8ge",
    "street_name": "Grisou",
    "street_number": 54,
    "description": "Cras vel mi et ipsum tincidunt hendrerit id nec orci. Sed id convallis nibh, ac aliquam tortor. Aliquam non nunc est. Vivamus odio tellus, posuere eget nisl eget, aliquet dapibus quam. Quisque et erat id diam dictum pellentesque. In nulla eros, porta eget mi eu, aliquet molestie felis. Orci varius natoque penatibus et magnis dis parturient montes, nascetur ridiculus mus.",
    "room_quantity": 3,
    "person_quantity": 6,
    "price": "246.00",
    "image": "house_images/1200px-Burg_Hohenzollern_ak_z5mFRPC.jpg",
    "user": 1,
    "pub_date": "2018-04-06T18:25:49.813Z",
    "update": "2018-04-06T18:25:49.919Z"
  }
},
{
  "model": "main.house",
  "pk": 5,
  "fields": {
    "name": "Von Zeug",
    "slug_name": "von-zeug",
    "country": "CH",
    "city": "Zurich",
    "street_name": "BahnhofStr.",
    "street_number": 73,
    "description": "In placerat, orci sed pharetra commodo, nunc sem egestas urna, at egestas tellus leo sit amet felis. Sed laoreet quis ex eu scelerisque. Mauris vitae imperdiet ante. In a turpis vel sapien venenatis dapibus. Fusce ex felis, congue vel ipsum eu, condimentum mollis dui. Pellentesque vel massa arcu. Pellentesque elit lorem, ullamcorper nec purus nec, fringilla congue risus. Pellentesque vitae justo elit. Praesent scelerisque quis nulla id facilisis. Class aptent taciti sociosqu ad litora torquent.",
    "room_quantity": 1,
    "person_quantity": 3,
    "price": "579.00",
    "image": "house_images/csm_slide3_6a822d9089_yy5qbzO.jpg",
    "user": 2,
    "pub_date": "2018-04-06T18:28:16.853Z",
    "update": "2018-04-06T18:28:35.431Z"
  }
},
{
  "model": "main.house",
  "pk": 6,
  "fields": {
    "name": "Halberto",
    "slug_name": "halberto",
    "country": "FR",
    "city": "Marseilles",
    "street_name": "Rue du Port",
    "street_number": 21,
    "description": "Praesent sit amet hendrerit lectus. Fusce vitae diam aliquam est mattis elementum. Ut ligula libero, euismod ut vulputate vitae, mattis ac nisl. Nunc placerat purus vitae sollicitudin tempus. Phasellus vitae justo varius est tincidunt sollicitudin. Donec aliquam dolor at ullamcorper rhoncus. Mauris laoreet mi et mi tristique consequat. Nulla cursus varius nisi, non aliquam justo cursus in. Phasellus vitae neque tempor, commodo lectus id, accumsan libero. Praesent in orci consectetur, laoreet.",
    "room_quantity": 2,
    "person_quantity": 5,
    "price": "178.00",
    "image": "house_images/740171_105623146_1_VKglYCo.jpg",
    "user": 2,
    "pub_date": "2018-04-06T18:30:00.473Z",
    "update": "2018-04-06T18:30:00.544Z"
  }
},
{
  "model": "main.house",
  "pk": 7,
  "fields": {
    "name": "The FlowerHouse",
    "slug_name": "the-flowerhouse",
    "country": "BE",
    "city": "Bruxelles",
    "street_name": "Olstrom",
    "street_number": 67,
    "description": "Cras vestibulum nulla ac metus egestas scelerisque. Vestibulum aliquam, velit in dignissim facilisis, dui ipsum efficitur ipsum, at luctus quam lacus sit amet lorem. Sed elementum libero at dolor porta consequat. Vestibulum porttitor odio eu justo vulputate rutrum sed non tortor. Donec laoreet turpis ac velit pellentesque aliquet. In quis pellentesque sem. Quisque vestibulum pulvinar rhoncus. Sed feugiat ut justo vel tempor. Integer cursus facilisis felis. Praesent id diam nec justo iaculis elem",
    "room_quantity": 4,
    "person_quantity": 4,
    "price": "110.00",
    "image": "house_images/house-high-quality-wallpaper_015636679_148.jpg",
    "user": 2,
    "pub_date": "2018-04-06T18:32:47.275Z",
    "update": "2018-04-06T18:32:47.350Z"
  }
},
{
  "model": "main.house",
  "pk": 8,
  "fields": {
    "name": "Ta\u00efka",
    "slug_name": "taika",
    "country": "CH",
    "city": "Bienne",
    "street_name": "Central Avenue",
    "street_number": 28,
    "description": "Morbi eget congue enim. Etiam id metus neque. Fusce vel placerat diam, non molestie quam. Nulla facilisi. Morbi ut feugiat turpis, et tincidunt lectus. Proin sed lacus pretium, convallis turpis ac, laoreet nisl. Pellentesque habitant morbi tristique senectus et netus et malesuada fames ac turpis egestas. Maecenas orci tortor, ultrices in velit at, finibus faucibus erat. Maecenas condimentum sit amet massa at luctus. Quisque sollicitudin tempus sodales. Sed quis fringilla metus. Donec vel faucibu",
    "room_quantity": 3,
    "person_quantity": 4,
    "price": "564.00",
    "image": "house_images/maxresdefault.jpg",
    "user": 3,
    "pub_date": "2018-04-06T18:35:25.982Z",
    "update": "2018-04-06T18:35:26.060Z"
  }
},
{
  "model": "main.house",
  "pk": 9,
  "fields": {
    "name": "Wilbur House",
    "slug_name": "wilbur-house",
    "country": "FR",
    "city": "Montpelier",
    "street_name": "Faubourg",
    "street_number": 36,
    "description": "Ut posuere dignissim nunc a faucibus. Sed tempor dignissim magna, ut faucibus ligula auctor non. Phasellus mattis convallis odio vel varius. Etiam sollicitudin odio eget luctus pharetra. Suspendisse faucibus malesuada lectus, vitae dapibus ipsum tempor vitae. Aenean eu odio eu orci faucibus semper. Curabitur a nisi id ipsum congue pretium. Quisque quis est sit amet metus rhoncus finibus eget vitae justo. Sed tincidunt pulvinar quam, commodo malesuada purus cursus non. Maecenas urna felis, pharet",
    "room_quantity": 4,
    "person_quantity": 5,
    "price": "376.00",
    "image": "house_images/k.jpg",
    "user": 3,
    "pub_date": "2018-04-06T18:37:04.533Z",
    "update": "2018-04-06T18:37:04.605Z"
  }
},
{
  "model": "main.house",
  "pk": 10,
  "fields": {
    "name": "Nameko",
    "slug_name": "nameko",
    "country": "BE",
    "city": "Li\u00e8ges",
    "street_name": "Francisto",
    "street_number": 76,
    "description": "Suspendisse vehicula rhoncus odio non scelerisque. Nunc eleifend efficitur eros, sed sagittis urna bibendum vitae. Nullam cursus ultrices tellus id finibus. Duis elit libero, elementum ac metus ac, tempus ultrices neque. Proin quis mauris sit amet elit rutrum suscipit sit amet ac lacus. Nam lacinia ultricies velit, et semper nulla sodales vitae. Morbi lobortis lorem sapien, eget sollicitudin ligula ullamcorper non. Aliquam condimentum feugiat elit eu lobortis. Nullam posuere nunc vitae sem preti",
    "room_quantity": 2,
    "person_quantity": 2,
    "price": "256.00",
    "image": "house_images/w1024.jpg",
    "user": 3,
    "pub_date": "2018-04-06T18:38:13.227Z",
    "update": "2018-04-06T18:38:13.303Z"
  }
}
]
